{
  "created_at": "2026-02-14T09:02:02.732390+00:00",
  "dataset_source": "hybrid",
  "threshold_used": 0.15423506532793022,
  "users_in_validation": 3,
  "per_user": {
    "1": {
      "count": 16.0,
      "precision": 1.0,
      "recall": 1.0,
      "avg_probability": 0.8260077063173076
    },
    "2": {
      "count": 11.0,
      "precision": 0.75,
      "recall": 1.0,
      "avg_probability": 0.5769744855671715
    },
    "3": {
      "count": 11.0,
      "precision": 1.0,
      "recall": 1.0,
      "avg_probability": 0.8310447672603146
    }
  }
}